record_id,date,pharmacy_id,medicine_id,current_stock_level,avg_weekly_sales,reorder_quantity,lead_time_days,supplier_delay_frequency,price_change_rate,storage_capacity,pharmacy_location_code,medicine_category,target_stockout
1,2024-03-05,82,46,41,34,45,13,0.8,-0.0,359,9,Painkiller,0
2,2024-11-13,42,7,192,13,80,6,0.65,0.13,322,13,Cardiology,0
3,2024-11-02,68,26,79,17,62,1,0.55,0.08,242,4,Cardiology,0
4,2024-05-06,68,13,180,14,30,14,0.26,0.01,296,8,Antibiotic,0
5,2024-03-09,44,28,171,44,71,13,0.58,0.1,101,2,Vitamins,1
6,2024-01-12,52,1,10,37,86,5,0.39,0.04,361,4,Antibiotic,1
7,2024-07-26,22,35,148,33,48,8,0.31,0.0,376,16,Painkiller,0
8,2024-03-30,65,24,113,32,32,5,0.09,-0.05,468,2,Diabetes,0
9,2024-10-22,77,19,77,44,40,8,0.16,0.19,350,1,Cardiology,1
10,2024-03-10,99,9,83,59,33,5,0.98,0.09,333,16,Vitamins,0
11,2024-11-01,33,5,81,19,51,8,0.36,-0.07,373,5,Painkiller,0
12,2024-05-16,48,50,121,10,64,2,0.09,0.09,383,19,Painkiller,0
13,2024-05-17,99,8,188,57,92,9,0.16,-0.03,449,15,Vitamins,1
14,2024-11-01,71,32,153,60,95,7,0.42,-0.09,238,17,Painkiller,0
15,2024-09-15,20,23,159,15,99,7,0.45,-0.01,189,6,Antibiotic,0
16,2024-04-23,89,39,127,46,77,10,0.21,0.16,338,6,Vitamins,1
17,2024-10-10,18,14,175,46,56,5,0.05,-0.07,277,2,Diabetes,0
18,2024-10-03,84,21,128,12,71,3,0.59,0.01,209,16,Antibiotic,0
19,2024-08-10,69,8,198,40,61,4,0.92,-0.02,160,11,Painkiller,0
20,2024-04-05,69,19,24,34,52,7,0.13,0.1,500,9,Cardiology,0
21,2024-08-06,52,32,84,34,23,5,0.15,0.14,476,9,Cardiology,0
22,2024-01-21,83,3,40,11,24,6,0.71,0.02,187,14,Diabetes,0
23,2024-01-16,91,32,120,40,67,2,0.61,0.01,291,12,Antibiotic,0
24,2024-06-13,100,5,50,20,73,11,0.27,0.19,168,18,Painkiller,0
25,2024-02-28,30,30,59,43,88,7,0.38,-0.07,297,9,Antibiotic,0
26,2024-09-25,36,39,64,59,80,2,0.09,0.19,136,10,Diabetes,0
27,2024-08-05,48,10,3,36,36,9,0.49,0.01,246,11,Diabetes,1
28,2024-07-02,89,10,99,5,59,15,0.89,0.05,453,5,Vitamins,0
29,2024-10-12,88,45,194,20,53,9,0.9,-0.05,497,4,Vitamins,0
30,2024-07-22,82,44,75,52,87,7,0.8,-0.1,348,5,Antibiotic,0
31,2024-10-31,95,29,141,26,75,9,0.58,0.14,412,2,Cardiology,0
32,2024-04-03,1,36,166,34,97,11,0.18,0.08,374,10,Painkiller,0
33,2024-04-16,23,32,2,56,44,2,0.22,0.03,121,9,Antibiotic,1
34,2024-05-16,64,13,46,53,40,11,0.0,-0.02,310,18,Vitamins,1
35,2024-01-06,41,37,121,42,44,11,0.22,-0.01,154,20,Cardiology,1
36,2024-05-30,40,44,192,12,75,1,0.97,0.1,293,20,Antibiotic,0
37,2024-12-26,75,4,108,43,65,8,0.05,0.14,270,15,Vitamins,1
38,2024-03-24,37,27,100,56,60,13,0.96,0.18,390,1,Diabetes,1
39,2024-06-05,88,34,159,29,27,9,0.35,0.12,291,10,Cardiology,0
40,2024-04-18,90,10,6,32,51,8,0.3,0.05,229,12,Painkiller,1
41,2024-07-19,6,2,114,37,64,6,0.85,0.1,113,2,Diabetes,0
42,2024-11-28,81,22,104,35,34,12,0.57,-0.07,183,9,Painkiller,0
43,2024-08-29,19,40,20,8,61,11,0.53,0.02,196,19,Antibiotic,0
44,2024-07-04,9,41,29,50,56,1,0.82,-0.09,126,16,Cardiology,0
45,2024-06-24,32,47,193,28,86,4,0.86,-0.07,360,20,Vitamins,0
46,2024-08-31,77,3,113,15,96,14,0.97,0.13,469,4,Diabetes,0
47,2024-10-17,37,22,193,8,94,3,0.68,0.13,144,8,Diabetes,0
48,2024-12-21,100,28,137,20,36,10,0.34,0.04,188,16,Vitamins,0
49,2024-03-28,88,40,60,42,67,4,0.1,-0.01,434,2,Antibiotic,0
50,2024-06-12,44,12,164,46,90,6,0.67,0.07,249,11,Vitamins,0
51,2024-08-04,70,5,159,58,50,15,0.82,-0.1,284,11,Antibiotic,1
52,2024-05-22,59,42,75,17,79,9,0.3,0.17,369,12,Diabetes,0
53,2024-09-12,24,32,103,16,90,14,0.21,-0.05,233,8,Vitamins,0
54,2024-01-16,39,18,32,12,50,2,0.81,0.16,275,20,Antibiotic,0
55,2024-03-29,78,49,83,19,20,15,0.49,0.15,487,17,Antibiotic,0
56,2024-08-12,60,31,8,8,60,13,0.96,0.15,266,7,Painkiller,1
57,2024-09-19,15,50,24,49,65,8,0.73,0.09,442,1,Antibiotic,1
58,2024-11-23,35,29,24,19,80,8,0.15,0.06,228,6,Cardiology,0
59,2024-01-13,8,25,190,52,70,8,0.69,0.14,135,9,Cardiology,1
60,2024-01-11,53,12,84,15,79,10,0.31,0.02,163,6,Painkiller,0
61,2024-07-19,16,14,188,14,91,13,0.23,-0.09,204,12,Antibiotic,0
62,2024-04-01,1,22,81,47,92,2,0.11,0.17,299,16,Antibiotic,0
63,2024-06-06,13,2,68,45,72,3,0.86,-0.05,232,15,Cardiology,0
64,2024-12-19,28,47,51,30,75,1,0.18,0.13,253,7,Painkiller,0
65,2024-08-14,92,21,182,55,87,4,0.41,-0.05,326,6,Antibiotic,0
66,2024-01-27,12,41,37,23,59,12,0.44,-0.06,277,19,Antibiotic,0
67,2024-12-30,17,25,28,19,58,2,0.98,0.15,195,19,Cardiology,0
68,2024-11-02,39,3,185,51,56,8,0.68,0.07,355,20,Vitamins,1
69,2024-04-02,1,24,60,19,75,6,0.56,-0.06,211,10,Cardiology,0
70,2024-02-11,8,50,77,7,92,13,0.05,-0.02,471,14,Antibiotic,0
71,2024-06-03,47,31,16,8,60,2,0.61,0.14,341,1,Diabetes,1
72,2024-12-16,22,7,44,53,39,13,0.42,0.01,275,13,Painkiller,1
73,2024-08-21,11,34,59,25,83,11,0.51,0.07,375,14,Diabetes,0
74,2024-08-18,14,2,50,46,80,15,0.09,0.04,254,4,Antibiotic,1
75,2024-04-20,29,10,66,59,76,12,0.61,-0.0,202,20,Painkiller,1
76,2024-01-20,44,43,63,53,72,9,0.15,-0.05,269,4,Vitamins,1
77,2024-07-23,62,29,2,37,38,3,0.77,0.02,353,13,Antibiotic,1
78,2024-10-25,80,42,172,60,38,11,0.26,-0.0,100,14,Cardiology,1
79,2024-03-19,55,7,187,21,54,9,0.26,-0.02,469,13,Antibiotic,0
80,2024-11-13,83,41,148,28,51,5,0.26,0.01,468,19,Antibiotic,0
81,2024-08-19,29,48,155,24,81,6,0.68,0.12,467,14,Diabetes,0
82,2024-01-14,26,24,11,44,33,11,0.87,0.15,195,9,Diabetes,1
83,2024-11-28,41,42,50,43,34,2,0.21,-0.02,478,8,Diabetes,0
84,2024-09-28,26,40,102,41,94,13,0.85,0.01,298,18,Antibiotic,1
85,2024-03-27,29,21,151,59,81,3,0.51,-0.0,219,6,Vitamins,0
86,2024-06-25,86,18,152,23,78,14,0.26,0.11,413,18,Vitamins,0
87,2024-12-23,89,10,31,24,50,8,0.05,-0.08,295,17,Cardiology,0
88,2024-11-23,72,6,103,33,72,6,0.85,0.07,385,12,Diabetes,0
89,2024-11-11,46,17,92,47,69,14,0.23,0.11,340,1,Painkiller,1
90,2024-02-18,8,32,30,43,74,11,0.53,-0.07,283,14,Cardiology,1
91,2024-12-27,90,30,72,46,95,6,0.13,-0.06,353,12,Diabetes,0
92,2024-04-13,8,21,66,50,70,9,0.08,0.11,190,18,Cardiology,1
93,2024-08-16,22,1,33,46,62,14,0.64,-0.01,231,13,Cardiology,1
94,2024-10-03,36,43,81,32,40,7,0.79,0.06,235,2,Antibiotic,0
95,2024-02-04,51,31,19,50,46,8,0.41,-0.02,459,9,Diabetes,1
96,2024-12-10,23,1,96,9,48,4,0.17,0.06,245,8,Cardiology,0
97,2024-09-30,61,14,114,41,91,10,0.37,0.05,338,16,Cardiology,1
98,2024-06-16,83,6,101,57,41,1,0.3,-0.09,161,10,Antibiotic,0
99,2024-06-03,91,19,134,43,59,2,0.41,0.0,104,12,Painkiller,0
100,2024-07-01,35,32,179,19,47,4,0.26,-0.06,428,4,Vitamins,0
101,2024-04-17,94,23,161,52,38,1,0.15,0.02,204,7,Antibiotic,0
102,2024-08-31,22,14,43,24,43,13,0.62,0.12,352,4,Vitamins,0
103,2024-04-12,65,24,85,21,75,5,0.45,0.17,360,1,Antibiotic,0
104,2024-12-26,27,5,23,46,92,10,0.39,0.08,153,14,Antibiotic,1
105,2024-01-13,12,33,159,35,47,14,0.91,0.11,279,5,Diabetes,0
106,2024-02-10,33,35,43,21,29,2,0.33,0.01,389,13,Cardiology,0
107,2024-03-22,52,25,91,18,38,7,0.9,0.12,417,14,Vitamins,0
108,2024-06-23,41,50,68,22,79,5,0.98,0.14,285,12,Vitamins,0
109,2024-12-18,87,17,90,59,62,15,0.55,0.16,163,4,Diabetes,1
110,2024-08-09,64,25,50,5,66,6,0.89,-0.07,444,12,Diabetes,0
111,2024-08-13,19,23,52,12,26,9,0.79,-0.08,486,17,Diabetes,0
112,2024-11-26,15,28,7,23,60,14,0.58,0.08,135,16,Painkiller,1
113,2024-02-07,55,9,171,33,56,10,0.69,0.06,342,17,Diabetes,0
114,2024-11-10,23,38,125,6,88,9,0.93,0.04,377,2,Diabetes,0
115,2024-05-10,58,11,111,21,84,3,0.7,-0.06,154,6,Painkiller,0
116,2024-08-15,65,10,136,39,81,5,0.91,-0.04,303,19,Antibiotic,0
117,2024-03-17,91,38,150,23,36,8,0.36,0.02,334,8,Cardiology,0
118,2024-06-29,52,38,107,56,72,2,0.38,0.15,222,11,Painkiller,0
119,2024-08-03,94,33,36,19,52,14,0.84,0.11,327,13,Antibiotic,0
120,2024-09-08,85,25,27,56,74,15,0.52,0.01,216,6,Painkiller,1
121,2024-04-19,85,43,1,9,58,5,0.85,0.14,229,6,Antibiotic,1
122,2024-10-24,43,33,39,29,87,9,0.79,0.2,196,13,Diabetes,0
123,2024-10-03,30,32,36,43,22,6,0.0,0.01,236,8,Vitamins,0
124,2024-11-29,98,22,136,7,59,13,0.88,0.14,260,18,Antibiotic,0
125,2024-03-19,24,14,139,51,97,1,0.21,-0.03,463,17,Cardiology,0
126,2024-09-20,14,21,163,45,80,11,0.35,-0.0,135,2,Diabetes,1
127,2024-08-18,31,37,62,7,99,6,0.96,-0.07,218,8,Diabetes,0
128,2024-03-05,62,26,185,16,30,2,0.35,0.15,261,4,Cardiology,0
129,2024-07-06,58,43,11,38,38,9,0.48,0.14,405,10,Painkiller,1
130,2024-02-27,12,12,33,10,71,1,0.12,-0.02,338,8,Vitamins,0
131,2024-09-08,70,47,160,8,36,4,0.86,0.1,400,16,Vitamins,0
132,2024-02-27,25,20,83,11,38,13,0.64,0.07,417,15,Cardiology,0
133,2024-10-18,45,32,70,20,20,10,0.44,-0.01,461,17,Diabetes,0
134,2024-07-21,61,31,149,29,21,9,0.61,0.2,371,8,Vitamins,0
135,2024-03-11,25,5,165,41,98,8,0.52,0.12,274,12,Cardiology,1
136,2024-09-27,47,31,98,23,60,5,0.41,0.1,333,12,Cardiology,0
137,2024-06-04,75,25,127,12,84,2,0.35,0.18,187,17,Diabetes,0
138,2024-02-27,41,23,135,7,96,7,0.74,0.16,420,14,Diabetes,0
139,2024-06-15,84,20,23,37,54,5,0.44,0.04,344,17,Diabetes,0
140,2024-10-22,8,14,11,11,50,15,0.74,-0.02,257,15,Cardiology,1
141,2024-03-29,30,7,53,24,68,4,0.17,0.19,484,6,Painkiller,0
142,2024-01-05,32,19,88,57,43,1,0.63,-0.07,378,5,Painkiller,0
143,2024-10-08,71,24,175,10,72,1,0.38,0.1,440,10,Antibiotic,0
144,2024-12-27,68,37,1,40,82,3,0.39,0.04,422,6,Painkiller,1
145,2024-07-22,10,22,131,7,99,13,0.1,-0.03,471,12,Diabetes,0
146,2024-01-18,68,11,154,32,25,15,0.89,-0.02,483,1,Vitamins,0
147,2024-11-26,47,46,20,43,87,8,0.66,0.01,170,8,Vitamins,1
148,2024-04-05,38,22,17,60,98,5,0.02,-0.0,328,7,Antibiotic,1
149,2024-10-10,67,25,191,20,28,9,0.4,0.12,483,11,Painkiller,0
150,2024-08-03,48,42,77,25,56,10,0.42,0.1,310,2,Cardiology,0
151,2024-01-12,20,7,90,30,67,13,0.69,-0.09,236,2,Antibiotic,0
152,2024-03-18,77,45,93,5,28,6,0.55,0.06,123,14,Antibiotic,0
153,2024-03-30,80,15,180,19,92,8,0.46,-0.08,479,17,Vitamins,0
154,2024-11-17,62,30,197,54,39,9,0.2,0.14,323,12,Painkiller,1
155,2024-04-13,95,23,65,40,21,14,0.57,0.14,420,3,Vitamins,0
156,2024-04-04,81,47,68,17,99,8,0.43,0.09,145,15,Diabetes,0
157,2024-01-21,21,26,154,59,82,6,0.05,0.05,174,9,Cardiology,0
158,2024-03-25,25,38,138,38,90,10,0.63,0.06,462,6,Painkiller,0
159,2024-02-24,79,10,67,11,25,3,0.91,-0.02,389,16,Antibiotic,0
160,2024-12-26,13,8,112,56,76,5,0.31,0.1,251,6,Antibiotic,0
161,2024-11-30,16,26,9,23,82,4,0.46,0.02,163,5,Diabetes,1
162,2024-10-25,63,35,192,58,21,3,0.18,-0.04,265,1,Vitamins,0
163,2024-11-28,31,31,197,11,89,5,0.17,0.09,265,5,Diabetes,0
164,2024-04-11,70,22,115,59,21,7,0.1,0.19,439,13,Cardiology,0
165,2024-08-23,51,17,60,29,93,8,0.64,0.07,442,15,Antibiotic,0
166,2024-07-12,97,48,104,37,98,9,0.25,0.17,455,19,Antibiotic,0
167,2024-11-29,54,50,112,60,53,6,0.53,-0.03,316,1,Cardiology,0
168,2024-01-30,98,27,24,53,29,13,0.16,-0.04,280,12,Painkiller,1
169,2024-09-15,35,1,138,23,93,13,0.99,0.02,458,18,Cardiology,0
170,2024-05-24,43,19,130,55,50,7,0.11,0.18,161,16,Vitamins,0
171,2024-12-13,80,19,35,15,90,10,0.45,0.15,376,16,Painkiller,0
172,2024-01-20,23,33,143,54,72,14,0.53,-0.07,358,15,Diabetes,1
173,2024-09-05,19,46,66,50,100,7,0.39,0.02,281,6,Diabetes,0
174,2024-08-05,32,9,168,10,65,1,0.9,0.04,372,18,Painkiller,0
175,2024-11-13,17,21,174,33,31,15,0.31,0.03,290,5,Antibiotic,0
176,2024-12-10,31,14,166,17,63,5,0.9,0.09,315,3,Vitamins,0
177,2024-04-26,33,30,131,7,76,4,0.28,0.15,290,19,Diabetes,0
178,2024-02-16,26,28,164,34,47,14,0.96,-0.07,208,8,Diabetes,0
179,2024-08-25,80,31,24,33,36,10,0.59,0.2,202,1,Cardiology,0
180,2024-04-06,81,49,34,50,88,4,0.13,0.03,119,18,Cardiology,0
181,2024-09-29,13,47,163,23,25,8,0.76,0.02,273,1,Antibiotic,0
182,2024-09-28,73,9,117,17,76,5,0.75,-0.01,225,1,Diabetes,0
183,2024-08-31,87,36,31,57,30,13,0.31,0.19,103,4,Cardiology,1
184,2024-03-03,55,19,39,8,40,5,0.55,0.01,151,14,Antibiotic,0
185,2024-09-03,23,21,173,25,79,6,0.81,0.09,224,6,Antibiotic,0
186,2024-03-03,70,42,120,26,60,5,0.79,0.05,418,8,Diabetes,0
187,2024-11-15,99,13,35,38,58,15,0.35,0.13,347,4,Antibiotic,0
188,2024-10-15,61,27,136,27,93,14,0.73,-0.06,282,10,Antibiotic,0
189,2024-06-20,63,7,185,22,54,4,0.71,0.19,114,3,Diabetes,0
190,2024-10-19,30,17,87,38,83,11,0.51,0.17,359,19,Vitamins,0
191,2024-04-01,77,11,52,54,99,7,0.67,0.06,413,10,Antibiotic,0
192,2024-12-29,67,33,122,27,29,7,0.33,0.14,500,17,Antibiotic,0
193,2024-11-11,68,31,36,40,37,1,0.76,-0.09,183,9,Vitamins,0
194,2024-03-18,55,32,115,24,69,13,0.71,0.04,197,1,Painkiller,0
195,2024-04-22,88,37,131,30,24,5,0.62,0.17,425,20,Diabetes,0
196,2024-03-24,71,7,80,9,46,7,0.06,-0.02,474,19,Antibiotic,0
197,2024-01-15,7,48,155,46,31,2,0.78,0.14,155,7,Antibiotic,0
198,2024-10-21,40,27,49,25,56,3,0.49,0.03,268,16,Painkiller,0
199,2024-11-10,76,12,8,46,77,1,0.87,0.18,359,16,Antibiotic,1
200,2024-08-04,35,9,86,20,48,7,0.39,-0.03,363,7,Cardiology,0
201,2024-05-05,19,14,67,49,93,11,0.2,0.01,389,15,Antibiotic,1
202,2024-01-10,57,45,38,38,83,3,0.95,-0.08,444,12,Painkiller,0
203,2024-08-13,49,1,60,16,57,8,0.62,0.12,395,14,Diabetes,0
204,2024-07-21,60,38,109,30,55,5,0.19,0.13,389,17,Cardiology,0
205,2024-02-27,73,22,58,7,72,13,0.52,-0.0,165,18,Cardiology,0
206,2024-12-31,99,15,161,32,100,13,0.38,-0.07,335,6,Cardiology,0
207,2024-03-26,28,36,146,10,32,3,0.93,0.04,196,16,Painkiller,0
208,2024-03-02,9,30,65,29,51,3,0.69,0.18,158,10,Antibiotic,0
209,2024-01-16,60,40,25,45,69,11,0.96,0.15,497,1,Cardiology,1
210,2024-02-08,52,46,154,7,75,3,0.56,0.01,298,4,Vitamins,0
211,2024-07-07,62,35,185,22,90,7,0.77,-0.05,455,20,Vitamins,0
212,2024-02-05,69,32,136,55,40,8,0.25,0.04,471,19,Painkiller,1
213,2024-10-01,72,40,76,24,63,3,0.15,0.19,202,8,Antibiotic,0
214,2024-10-13,7,48,121,53,70,10,0.2,-0.02,194,11,Diabetes,1
215,2024-10-24,27,9,186,8,79,3,0.98,0.08,136,7,Diabetes,0
216,2024-04-27,19,38,63,27,54,12,0.39,0.16,307,6,Cardiology,0
217,2024-10-20,53,41,48,30,64,10,0.04,-0.08,102,18,Diabetes,0
218,2024-02-27,62,20,39,39,84,7,0.79,-0.04,146,18,Vitamins,0
219,2024-05-29,13,30,199,5,75,10,0.25,0.02,226,5,Painkiller,0
220,2024-05-21,8,14,53,24,39,15,0.75,0.19,406,7,Antibiotic,0
221,2024-09-15,91,27,84,58,68,3,0.12,0.05,114,17,Antibiotic,0
222,2024-04-16,33,8,97,56,32,1,0.35,0.07,213,16,Diabetes,0
223,2024-03-06,69,50,23,16,44,4,0.61,-0.09,450,20,Painkiller,0
224,2024-02-17,19,34,47,24,21,3,0.22,0.05,104,11,Vitamins,0
225,2024-03-03,87,49,145,27,44,6,0.39,0.08,308,20,Vitamins,0
226,2024-03-07,60,41,38,31,71,11,0.62,0.17,392,13,Cardiology,0
227,2024-02-17,65,18,89,42,98,4,0.78,-0.03,243,13,Antibiotic,0
228,2024-04-01,99,44,101,48,30,6,0.11,-0.03,400,1,Cardiology,0
229,2024-06-03,32,17,177,53,47,12,0.68,-0.0,191,16,Diabetes,1
230,2024-06-03,26,4,176,37,26,3,0.83,0.0,498,11,Diabetes,0
231,2024-01-06,35,19,82,11,79,11,0.98,0.05,352,14,Antibiotic,0
232,2024-05-24,20,1,8,16,54,10,0.81,0.14,390,7,Cardiology,1
233,2024-09-14,92,24,84,19,20,11,0.26,0.01,442,18,Diabetes,0
234,2024-08-20,92,33,129,10,23,11,0.78,-0.06,116,17,Diabetes,0
235,2024-10-26,67,39,153,19,90,9,0.12,0.13,217,16,Cardiology,0
236,2024-02-24,84,12,67,39,20,7,0.3,0.01,294,19,Cardiology,0
237,2024-03-22,4,1,59,30,42,15,0.1,0.16,369,19,Vitamins,0
238,2024-11-18,83,11,64,28,99,3,0.51,-0.09,373,14,Painkiller,0
239,2024-05-29,65,12,170,46,56,13,0.69,-0.09,282,14,Painkiller,1
240,2024-03-27,15,16,136,6,36,6,0.77,0.05,382,8,Painkiller,0
241,2024-10-20,5,44,38,22,90,6,0.48,-0.09,398,20,Diabetes,0
242,2024-12-25,84,38,26,59,60,13,0.27,0.16,339,13,Diabetes,1
243,2024-06-25,35,39,84,8,29,8,0.44,0.01,179,6,Vitamins,0
244,2024-05-03,65,23,91,11,82,10,0.06,-0.03,262,1,Cardiology,0
245,2024-12-23,90,12,28,20,60,8,0.36,0.13,236,19,Painkiller,0
246,2024-10-20,73,50,116,60,23,3,0.9,-0.08,223,14,Diabetes,0
247,2024-11-13,79,25,155,22,98,5,0.76,-0.07,326,2,Antibiotic,0
248,2024-12-11,9,23,45,20,56,12,0.66,0.03,175,4,Cardiology,0
249,2024-07-09,66,5,166,51,38,1,0.89,-0.03,182,15,Vitamins,0
250,2024-05-04,96,41,149,55,21,1,0.02,-0.02,432,7,Diabetes,0
251,2024-01-01,71,19,14,60,73,9,0.82,0.14,431,11,Painkiller,1
252,2024-03-04,10,25,121,37,31,4,0.84,0.0,146,8,Painkiller,0
253,2024-09-02,100,26,138,26,75,15,0.9,-0.04,238,7,Vitamins,0
254,2024-12-07,56,5,47,40,49,3,0.58,0.04,204,14,Vitamins,0
255,2024-08-13,79,13,194,40,81,9,0.11,0.08,439,5,Cardiology,0
256,2024-01-27,99,7,78,32,86,4,0.12,-0.06,237,8,Vitamins,0
257,2024-09-04,15,13,191,26,30,1,0.19,0.05,477,9,Painkiller,0
258,2024-09-21,11,16,114,7,52,13,0.91,-0.04,164,11,Antibiotic,0
259,2024-03-18,97,4,7,36,24,6,0.11,0.07,284,5,Painkiller,1
260,2024-01-22,39,3,2,41,45,12,0.63,0.14,319,2,Vitamins,1
261,2024-08-11,17,38,119,53,49,2,0.19,0.12,459,2,Cardiology,0
262,2024-07-17,20,28,5,50,76,1,0.04,-0.02,347,11,Cardiology,1
263,2024-07-10,51,22,59,12,94,12,0.22,0.08,416,14,Antibiotic,0
264,2024-08-13,19,30,56,42,93,1,0.65,0.09,265,1,Painkiller,0
265,2024-08-26,36,44,72,14,83,11,0.9,0.16,453,6,Diabetes,0
266,2024-06-06,4,10,132,11,44,12,0.58,0.19,340,16,Diabetes,0
267,2024-04-24,95,38,10,55,75,2,0.39,-0.02,319,13,Vitamins,1
268,2024-03-19,21,32,36,31,43,5,0.25,0.1,422,6,Painkiller,0
269,2024-08-13,17,32,199,17,49,4,0.82,0.0,192,18,Diabetes,0
270,2024-10-29,40,7,129,16,26,10,0.3,0.02,139,14,Painkiller,0
271,2024-05-29,54,40,142,36,80,12,0.54,0.18,437,4,Painkiller,0
272,2024-03-16,31,41,0,54,48,15,0.31,0.19,120,8,Vitamins,1
273,2024-05-31,49,33,101,41,95,12,0.27,-0.08,447,8,Diabetes,1
274,2024-09-13,71,45,159,51,80,7,0.16,0.12,394,13,Cardiology,0
275,2024-04-15,5,42,25,35,96,6,0.92,-0.05,469,9,Painkiller,0
276,2024-09-19,11,6,165,53,43,15,0.95,0.11,210,15,Antibiotic,1
277,2024-07-11,49,46,38,22,93,9,0.52,0.03,126,14,Diabetes,0
278,2024-04-19,96,25,106,49,46,4,0.93,-0.02,128,10,Antibiotic,0
279,2024-04-21,35,19,139,42,88,10,0.1,0.03,367,2,Vitamins,1
280,2024-12-02,94,30,71,10,46,8,0.28,0.09,356,15,Antibiotic,0
281,2024-04-01,93,16,7,54,36,13,0.62,0.17,167,6,Vitamins,1
282,2024-12-26,14,39,118,32,92,8,0.81,0.13,298,18,Antibiotic,0
283,2024-05-18,63,15,92,49,32,4,0.83,-0.09,392,8,Cardiology,0
284,2024-10-02,2,8,82,21,71,3,0.3,0.09,300,9,Painkiller,0
285,2024-04-24,37,48,119,28,36,7,0.38,0.13,379,16,Antibiotic,0
286,2024-05-15,83,4,31,49,42,7,0.72,-0.08,462,9,Diabetes,0
287,2024-03-31,16,34,184,21,88,7,0.37,-0.01,333,6,Antibiotic,0
288,2024-03-08,42,21,109,31,80,12,0.96,-0.05,213,11,Cardiology,0
289,2024-03-17,25,47,145,43,36,2,0.09,0.08,133,4,Vitamins,0
290,2024-10-28,52,16,163,40,83,10,0.89,0.15,139,6,Painkiller,0
291,2024-06-06,67,27,199,21,45,11,0.78,-0.01,252,18,Cardiology,0
292,2024-12-13,69,8,79,53,31,7,0.74,0.12,170,17,Painkiller,0
293,2024-11-08,71,41,82,23,32,6,0.94,-0.08,118,19,Vitamins,0
294,2024-03-18,10,4,48,49,23,1,0.35,0.19,151,10,Vitamins,0
295,2024-04-22,16,13,164,13,27,7,0.94,0.02,184,3,Vitamins,0
296,2024-01-28,88,7,25,8,64,13,0.82,-0.02,158,3,Painkiller,0
297,2024-12-22,58,26,68,30,57,6,0.88,0.17,167,15,Vitamins,0
298,2024-02-11,22,16,80,26,79,10,0.55,-0.06,174,17,Antibiotic,0
299,2024-07-14,40,34,71,5,95,4,0.23,-0.07,383,17,Vitamins,0
300,2024-02-09,6,7,69,52,98,1,0.48,-0.0,457,13,Painkiller,0
301,2024-12-04,46,48,166,10,28,5,0.74,0.01,497,7,Painkiller,0
302,2024-02-03,53,15,142,10,27,3,0.03,0.11,453,17,Diabetes,0
303,2024-02-21,87,44,83,54,20,12,0.35,-0.04,400,10,Painkiller,1
304,2024-12-24,84,32,72,10,47,13,0.27,0.17,128,2,Vitamins,0
305,2024-02-09,87,24,175,14,42,7,0.64,-0.06,355,16,Diabetes,0
306,2024-11-02,38,5,68,46,67,1,0.64,-0.01,144,3,Diabetes,0
307,2024-01-04,40,35,197,30,94,14,0.96,0.09,182,7,Painkiller,0
308,2024-12-03,97,40,86,22,38,9,0.37,-0.02,436,4,Cardiology,0
309,2024-05-09,6,31,151,11,45,10,0.72,0.14,386,13,Vitamins,0
310,2024-09-26,62,45,186,20,60,12,0.47,0.2,265,5,Vitamins,0
311,2024-04-25,32,38,154,58,73,1,0.84,0.11,128,2,Painkiller,0
312,2024-02-25,46,36,183,59,82,12,0.14,-0.08,121,19,Cardiology,1
313,2024-05-09,64,32,105,15,40,2,0.66,0.06,294,15,Antibiotic,0
314,2024-07-01,28,30,21,39,76,8,0.66,0.19,410,12,Vitamins,0
315,2024-12-06,2,40,76,50,88,14,0.43,0.18,474,18,Cardiology,1
316,2024-05-27,47,41,53,9,64,15,0.41,0.03,165,1,Vitamins,0
317,2024-02-21,9,38,135,12,27,4,0.04,0.15,219,19,Painkiller,0
318,2024-12-24,45,33,4,6,31,14,0.68,0.14,282,19,Cardiology,1
319,2024-08-15,9,42,62,60,40,5,0.87,0.17,424,3,Antibiotic,0
320,2024-09-24,35,30,71,46,66,14,0.79,-0.1,286,5,Vitamins,1
321,2024-12-30,13,44,177,52,96,10,0.52,0.08,489,12,Vitamins,1
322,2024-05-27,88,43,112,39,66,2,0.9,0.05,210,12,Painkiller,0
323,2024-10-06,31,20,168,21,44,14,0.77,-0.05,146,19,Painkiller,0
324,2024-12-13,4,44,153,52,60,10,0.81,0.06,232,3,Diabetes,1
325,2024-08-09,43,35,49,10,42,3,0.9,-0.04,423,8,Diabetes,0
326,2024-05-26,21,31,20,51,100,7,0.37,0.07,106,11,Cardiology,0
327,2024-10-04,37,8,138,35,65,1,0.99,0.12,472,15,Diabetes,0
328,2024-02-18,67,14,158,56,42,10,0.6,0.03,132,14,Painkiller,1
329,2024-08-06,100,14,134,35,91,13,0.17,0.12,339,19,Cardiology,0
330,2024-12-23,3,33,182,48,33,5,0.79,-0.08,287,14,Cardiology,0
331,2024-03-08,74,36,92,13,30,15,0.46,-0.05,182,19,Antibiotic,0
332,2024-03-09,53,2,44,52,81,13,0.54,0.01,135,12,Painkiller,1
333,2024-11-01,40,39,2,20,46,4,0.92,0.01,128,12,Antibiotic,1
334,2024-10-29,86,47,179,17,87,1,0.21,-0.02,477,20,Diabetes,0
335,2024-04-08,39,48,97,44,54,15,0.73,0.04,225,8,Painkiller,1
336,2024-09-18,92,30,134,60,25,10,0.41,0.17,444,15,Diabetes,1
337,2024-02-26,61,12,142,9,79,6,0.29,0.15,383,14,Cardiology,0
338,2024-12-21,5,44,37,33,76,3,0.73,0.07,230,9,Vitamins,0
339,2024-01-22,46,31,46,17,26,5,0.82,0.01,442,7,Antibiotic,0
340,2024-11-27,98,3,91,58,69,13,0.66,0.11,292,17,Vitamins,1
341,2024-03-26,45,48,77,42,83,8,0.79,0.16,474,14,Cardiology,1
342,2024-04-10,74,12,168,38,27,12,0.33,-0.0,129,7,Diabetes,0
343,2024-04-22,34,18,88,15,89,3,0.61,0.04,411,2,Cardiology,0
344,2024-06-02,4,22,123,49,23,7,0.63,-0.09,308,7,Diabetes,0
345,2024-10-09,43,13,159,11,36,14,0.27,0.04,114,15,Antibiotic,0
346,2024-09-27,53,40,64,17,21,14,0.93,0.03,122,9,Antibiotic,0
347,2024-08-23,90,29,107,7,98,6,0.9,0.08,475,4,Cardiology,0
348,2024-05-11,17,27,68,8,81,2,0.56,0.13,365,17,Painkiller,0
349,2024-08-03,15,34,144,50,65,6,0.47,0.02,351,17,Diabetes,0
350,2024-02-27,97,27,144,8,42,5,0.58,-0.09,201,9,Cardiology,0
351,2024-09-09,29,3,153,56,29,3,0.03,0.12,356,15,Vitamins,0
352,2024-06-06,46,43,193,59,33,9,0.85,0.11,284,10,Antibiotic,1
353,2024-08-04,46,12,148,17,39,4,0.85,0.02,316,19,Cardiology,0
354,2024-09-21,83,6,146,22,79,4,0.23,-0.04,317,5,Diabetes,0
355,2024-11-16,38,4,24,9,59,11,0.99,0.01,300,2,Vitamins,0
356,2024-05-12,33,16,97,34,92,13,0.15,0.11,425,13,Vitamins,0
357,2024-04-28,42,14,170,52,87,7,0.48,0.16,105,4,Vitamins,0
358,2024-12-11,67,43,62,37,38,13,0.5,0.05,226,1,Diabetes,0
359,2024-04-23,50,40,7,27,72,11,0.79,0.19,251,1,Cardiology,1
360,2024-10-18,98,25,165,48,98,4,0.27,0.13,192,13,Antibiotic,0
361,2024-05-21,37,24,156,24,89,1,0.02,0.02,398,1,Vitamins,0
362,2024-10-18,2,41,121,29,30,7,0.81,0.02,220,5,Diabetes,0
363,2024-08-30,95,40,108,17,79,15,0.99,0.1,264,4,Antibiotic,0
364,2024-03-10,94,48,148,24,46,5,0.56,0.09,195,7,Cardiology,0
365,2024-06-11,37,40,191,44,42,15,0.1,0.19,489,14,Antibiotic,1
366,2024-04-06,58,16,66,38,49,4,0.94,0.16,449,18,Vitamins,0
367,2024-02-11,8,50,84,24,86,14,0.25,0.14,354,16,Vitamins,0
368,2024-04-05,33,19,135,26,94,13,0.87,0.03,128,17,Cardiology,0
369,2024-07-07,28,4,68,45,64,8,0.79,0.02,112,15,Diabetes,1
370,2024-12-27,68,19,90,50,63,14,0.85,-0.08,138,10,Cardiology,1
371,2024-02-05,39,20,68,9,33,1,0.29,0.02,143,8,Vitamins,0
372,2024-11-15,64,33,27,50,100,14,0.11,0.02,277,4,Cardiology,1
373,2024-08-12,5,11,188,31,25,7,0.89,0.05,431,13,Cardiology,0
374,2024-08-24,50,4,174,35,84,5,0.47,-0.05,390,4,Vitamins,0
375,2024-03-13,47,18,3,34,70,11,0.23,-0.03,411,10,Diabetes,1
376,2024-08-17,79,38,68,40,60,3,0.97,0.13,367,2,Painkiller,0
377,2024-05-01,62,28,152,21,80,14,0.84,0.05,454,2,Vitamins,0
378,2024-04-21,79,13,60,32,71,9,0.5,0.07,378,11,Painkiller,0
379,2024-02-03,7,14,132,60,36,12,0.2,0.19,482,17,Diabetes,1
380,2024-09-30,86,11,138,24,28,5,0.54,0.09,484,13,Cardiology,0
381,2024-02-26,70,48,194,8,79,5,0.85,0.07,148,15,Antibiotic,0
382,2024-03-24,27,43,36,59,76,3,0.74,0.18,255,1,Cardiology,0
383,2024-02-21,66,9,86,32,84,15,0.28,-0.05,410,7,Cardiology,0
384,2024-07-26,4,19,34,57,83,2,0.21,-0.1,188,5,Painkiller,0
385,2024-11-20,74,29,75,5,32,4,0.67,-0.05,261,11,Painkiller,0
386,2024-03-12,62,41,162,46,24,11,0.16,0.01,159,7,Painkiller,1
387,2024-02-02,42,24,161,39,55,12,0.59,-0.03,269,7,Antibiotic,0
388,2024-09-21,21,22,154,52,78,1,0.09,0.1,408,11,Antibiotic,0
389,2024-02-15,35,39,185,25,53,8,0.53,-0.09,498,18,Vitamins,0
390,2024-12-01,20,28,33,31,91,5,0.61,0.14,216,8,Antibiotic,0
391,2024-01-02,99,24,71,29,39,11,0.85,0.0,217,16,Cardiology,0
392,2024-02-11,60,30,191,59,95,3,0.22,0.1,498,5,Painkiller,0
393,2024-07-02,69,16,195,42,49,2,0.37,-0.06,170,14,Painkiller,0
394,2024-11-08,74,19,155,44,99,11,0.43,0.18,489,12,Vitamins,1
395,2024-03-03,64,17,15,20,38,5,0.55,-0.04,329,11,Antibiotic,1
396,2024-06-23,74,24,16,49,76,2,0.78,0.16,190,3,Antibiotic,1
397,2024-08-23,65,9,15,29,81,13,0.86,0.07,342,1,Antibiotic,1
398,2024-02-24,11,37,190,48,21,6,0.42,-0.09,439,6,Painkiller,0
399,2024-04-24,39,8,127,59,90,2,0.36,0.19,325,20,Antibiotic,0
400,2024-02-27,14,25,188,57,32,14,0.89,0.13,270,8,Vitamins,1
401,2024-05-16,96,2,140,35,94,10,0.31,-0.02,361,12,Cardiology,0
402,2024-02-18,44,41,20,25,40,8,0.97,-0.07,303,3,Antibiotic,0
403,2024-03-29,53,30,161,9,50,6,0.39,0.18,350,8,Antibiotic,0
404,2024-02-24,68,7,176,18,55,10,0.17,0.15,469,4,Diabetes,0
405,2024-05-16,28,23,84,47,58,1,0.63,0.02,349,17,Vitamins,0
406,2024-08-27,21,13,65,28,82,11,0.64,0.0,209,18,Painkiller,0
407,2024-09-15,42,30,195,58,41,14,0.16,-0.02,295,2,Antibiotic,1
408,2024-10-04,49,4,20,5,79,13,0.56,0.03,371,20,Vitamins,0
409,2024-01-17,48,46,52,36,58,4,0.02,-0.04,160,16,Cardiology,0
410,2024-07-12,6,36,19,53,30,14,0.56,-0.03,476,16,Cardiology,1
411,2024-05-16,74,20,13,50,48,11,0.28,-0.09,311,16,Antibiotic,1
412,2024-06-23,60,45,113,45,47,2,0.82,-0.1,321,19,Painkiller,0
413,2024-12-25,58,32,90,22,28,10,0.7,-0.07,360,2,Cardiology,0
414,2024-05-15,8,25,167,14,44,5,0.23,-0.0,354,16,Cardiology,0
415,2024-04-25,24,14,169,16,59,7,0.51,0.06,292,16,Antibiotic,0
416,2024-06-08,62,8,100,52,38,8,0.62,-0.08,166,1,Diabetes,1
417,2024-11-11,69,33,8,56,51,11,0.59,-0.08,207,19,Vitamins,1
418,2024-08-21,92,20,114,48,59,1,0.63,0.05,392,8,Painkiller,0
419,2024-01-26,59,27,187,32,56,2,0.7,0.18,494,3,Antibiotic,0
420,2024-11-21,29,41,103,23,78,14,0.99,0.02,433,3,Antibiotic,0
421,2024-02-11,64,34,37,49,94,11,0.16,0.1,488,8,Antibiotic,1
422,2024-03-14,14,37,63,47,91,11,0.25,0.16,262,6,Diabetes,1
423,2024-04-28,23,44,91,20,76,9,0.32,0.18,378,1,Vitamins,0
424,2024-02-29,22,38,103,45,37,9,0.4,-0.02,124,5,Antibiotic,1
425,2024-02-16,5,15,114,12,60,4,0.19,-0.09,318,6,Cardiology,0
426,2024-09-10,77,28,159,53,21,5,0.76,0.19,232,1,Diabetes,0
427,2024-10-11,15,46,43,15,86,5,0.96,0.14,338,9,Diabetes,0
428,2024-12-13,15,47,90,29,66,3,0.31,0.15,500,11,Vitamins,0
429,2024-09-15,2,7,194,31,42,8,0.43,-0.06,212,7,Diabetes,0
430,2024-05-30,30,49,89,38,30,3,0.66,0.18,102,5,Vitamins,0
431,2024-09-20,43,33,155,6,31,3,0.34,0.11,218,16,Painkiller,0
432,2024-03-08,80,17,111,9,65,6,0.27,0.18,488,18,Cardiology,0
433,2024-12-04,90,32,196,37,88,6,0.74,0.11,333,10,Vitamins,0
434,2024-06-05,31,40,149,52,28,14,0.15,-0.07,333,7,Antibiotic,1
435,2024-05-04,84,49,64,40,42,1,0.79,-0.06,261,20,Vitamins,0
436,2024-11-10,49,3,124,39,70,14,0.47,0.09,322,8,Painkiller,0
437,2024-05-06,16,36,90,47,70,13,0.47,-0.08,371,5,Cardiology,1
438,2024-10-29,27,31,1,14,61,5,0.38,0.13,190,7,Vitamins,1
439,2024-01-30,17,43,142,50,63,4,0.51,0.05,115,9,Diabetes,0
440,2024-09-26,79,32,13,49,94,10,0.48,0.19,162,4,Diabetes,1
441,2024-08-31,43,15,188,30,32,4,0.55,-0.0,391,5,Cardiology,0
442,2024-08-10,7,5,158,22,73,10,0.11,-0.06,318,8,Diabetes,0
443,2024-02-16,69,13,110,12,55,6,0.59,-0.07,144,17,Painkiller,0
444,2024-12-23,48,5,136,39,35,6,0.95,0.19,296,4,Antibiotic,0
445,2024-01-18,72,15,34,31,74,14,0.98,0.1,181,9,Antibiotic,0
446,2024-12-08,1,37,21,27,66,13,0.9,0.16,470,18,Painkiller,0
447,2024-11-07,94,32,117,25,54,8,0.5,0.06,344,19,Antibiotic,0
448,2024-04-13,43,18,144,10,24,8,0.48,-0.02,442,17,Diabetes,0
449,2024-02-16,30,17,188,37,57,4,0.39,-0.07,213,9,Vitamins,0
450,2024-12-22,15,25,29,55,72,3,0.55,-0.01,297,18,Painkiller,0
451,2024-03-13,89,34,23,48,33,7,0.48,0.19,317,19,Vitamins,0
452,2024-08-16,54,18,105,10,96,3,0.41,0.06,260,19,Cardiology,0
453,2024-01-21,50,5,30,6,25,12,0.93,-0.06,468,7,Painkiller,0
454,2024-05-05,72,49,140,5,66,2,0.12,0.05,231,10,Vitamins,0
455,2024-10-02,22,45,90,6,90,13,0.37,-0.07,306,2,Vitamins,0
456,2024-11-04,92,50,137,54,66,2,0.18,0.19,483,16,Cardiology,0
457,2024-01-20,28,24,53,6,59,11,0.12,-0.09,128,12,Vitamins,0
458,2024-12-03,3,31,61,5,86,8,0.26,0.06,122,8,Diabetes,0
459,2024-11-28,5,18,102,57,43,15,0.59,0.02,288,13,Diabetes,1
460,2024-05-21,57,39,198,51,89,15,0.23,-0.03,161,4,Vitamins,1
461,2024-04-08,65,23,8,49,69,3,0.5,0.19,233,12,Antibiotic,1
462,2024-09-08,29,36,85,7,98,3,0.22,-0.04,212,15,Vitamins,0
463,2024-10-01,49,43,102,19,60,3,0.59,-0.02,154,1,Diabetes,0
464,2024-11-22,18,21,118,15,21,3,0.64,-0.1,113,3,Diabetes,0
465,2024-02-20,21,23,58,36,90,4,0.52,0.16,187,14,Vitamins,0
466,2024-08-21,82,11,152,10,72,5,0.03,0.17,430,6,Vitamins,0
467,2024-05-23,24,35,130,6,93,4,0.49,0.05,438,15,Cardiology,0
468,2024-10-04,73,40,100,39,37,15,0.33,0.03,270,9,Vitamins,0
469,2024-04-27,75,15,120,19,60,9,0.93,0.0,113,19,Vitamins,0
470,2024-04-26,30,42,126,41,52,8,0.55,0.05,389,8,Diabetes,1
471,2024-07-03,70,43,112,9,62,10,0.44,-0.06,299,10,Cardiology,0
472,2024-04-01,53,48,78,7,99,8,0.57,0.02,492,18,Diabetes,0
473,2024-07-30,9,49,124,30,37,9,0.13,0.04,365,18,Vitamins,0
474,2024-09-19,64,29,90,52,54,1,0.55,0.19,237,16,Diabetes,0
475,2024-12-03,53,34,69,31,56,3,0.29,0.06,382,18,Antibiotic,0
476,2024-04-22,19,50,60,37,54,2,0.91,0.17,226,8,Vitamins,0
477,2024-01-18,18,39,103,18,63,9,0.65,0.08,136,12,Cardiology,0
478,2024-10-17,44,6,114,44,95,3,0.85,0.03,350,19,Vitamins,0
479,2024-04-28,32,41,2,40,39,1,0.54,0.09,200,13,Antibiotic,1
480,2024-04-04,35,37,89,47,70,3,0.0,0.12,245,6,Diabetes,0
481,2024-09-07,37,15,200,39,72,13,0.88,0.13,472,7,Vitamins,0
482,2024-11-09,80,35,83,34,85,7,0.72,0.2,246,13,Diabetes,0
483,2024-04-11,91,48,125,12,38,8,0.64,-0.08,212,9,Antibiotic,0
484,2024-06-26,18,11,147,10,28,14,0.69,0.12,205,6,Antibiotic,0
485,2024-12-19,5,49,71,22,45,13,0.75,-0.02,340,13,Cardiology,0
486,2024-08-21,59,33,89,31,51,4,0.81,-0.03,445,2,Vitamins,0
487,2024-11-19,86,21,24,25,46,3,0.19,-0.07,456,18,Cardiology,0
488,2024-09-06,50,38,81,24,51,13,0.49,-0.02,231,19,Cardiology,0
489,2024-10-16,10,6,46,50,26,14,0.75,0.18,489,3,Vitamins,1
490,2024-03-22,31,28,139,30,52,7,0.47,0.08,430,19,Diabetes,0
491,2024-10-04,75,13,71,8,53,15,0.61,0.17,479,13,Painkiller,0
492,2024-02-03,79,1,10,33,23,11,0.41,0.19,243,1,Painkiller,1
493,2024-03-30,73,45,27,39,66,15,0.52,0.15,264,10,Diabetes,0
494,2024-04-12,68,9,158,20,67,2,0.01,-0.07,199,12,Antibiotic,0
495,2024-01-04,58,47,197,8,69,8,0.39,0.19,331,15,Antibiotic,0
496,2024-04-05,42,18,105,20,70,4,0.87,0.15,261,17,Vitamins,0
497,2024-11-19,51,38,183,23,84,3,0.33,0.04,114,4,Painkiller,0
498,2024-11-15,83,12,120,8,98,4,0.72,0.02,299,10,Painkiller,0
499,2024-08-21,8,49,25,32,64,10,0.17,0.02,357,6,Painkiller,0
500,2024-05-01,62,6,177,25,38,9,0.3,0.19,415,8,Painkiller,0
501,2024-05-21,71,40,131,7,34,5,0.6,0.04,152,13,Vitamins,0
502,2024-06-21,75,14,53,23,29,2,0.18,0.18,494,14,Vitamins,0
503,2024-04-21,13,15,95,47,31,5,0.72,-0.09,232,4,Diabetes,0
504,2024-11-19,96,32,35,45,36,15,0.38,0.11,313,4,Vitamins,1
505,2024-09-26,61,42,9,25,90,10,0.01,0.19,388,9,Cardiology,1
506,2024-05-03,63,4,1,51,40,11,0.22,0.1,222,19,Painkiller,1
507,2024-03-21,30,3,163,19,76,1,0.17,-0.06,318,17,Painkiller,0
508,2024-01-07,91,27,66,7,24,13,0.95,-0.08,293,11,Antibiotic,0
509,2024-12-21,70,39,143,10,23,11,0.5,0.08,128,17,Antibiotic,0
510,2024-05-06,65,50,83,59,32,13,0.39,0.04,101,3,Antibiotic,1
511,2024-09-09,28,49,11,14,28,8,0.08,-0.08,231,2,Diabetes,1
512,2024-08-13,4,36,195,15,90,6,0.64,0.08,100,11,Painkiller,0
513,2024-03-05,25,39,61,51,97,7,0.23,-0.02,486,14,Diabetes,0
514,2024-06-20,2,4,22,14,23,3,0.81,0.16,160,6,Diabetes,0
515,2024-04-06,45,8,23,34,45,5,0.84,0.02,124,1,Antibiotic,0
516,2024-03-17,77,16,7,48,49,13,0.63,0.07,476,4,Diabetes,1
517,2024-04-26,98,7,140,7,86,2,0.54,0.18,301,19,Vitamins,0
518,2024-01-23,84,3,5,36,60,6,0.77,0.18,246,2,Cardiology,1
519,2024-08-06,10,14,21,45,62,9,0.9,-0.05,465,17,Diabetes,1
520,2024-11-17,62,15,58,45,25,5,0.68,-0.06,223,13,Vitamins,0
521,2024-07-27,56,13,41,31,96,10,0.85,0.15,264,13,Diabetes,0
522,2024-10-14,43,37,116,28,25,9,1.0,0.04,400,9,Painkiller,0
523,2024-01-23,43,4,143,11,78,8,0.54,0.04,187,1,Painkiller,0
524,2024-11-10,41,37,176,13,78,8,0.42,0.1,411,9,Painkiller,0
525,2024-01-21,11,31,177,36,59,14,0.69,0.15,158,17,Cardiology,0
526,2024-01-12,90,46,187,53,99,1,0.23,0.11,178,2,Vitamins,0
527,2024-11-02,29,47,106,22,32,13,0.67,0.03,474,7,Cardiology,0
528,2024-08-06,38,29,170,33,29,1,0.09,0.04,216,4,Vitamins,0
529,2024-03-26,34,23,48,58,21,15,0.12,-0.06,341,12,Antibiotic,1
530,2024-09-26,21,49,170,11,93,1,0.67,0.15,184,17,Painkiller,0
531,2024-12-12,35,31,125,16,66,15,0.36,-0.09,408,18,Vitamins,0
532,2024-02-17,17,48,187,39,33,11,0.38,-0.03,236,19,Antibiotic,0
533,2024-03-01,9,3,190,45,89,15,0.63,0.11,211,9,Diabetes,1
534,2024-04-17,37,35,163,40,83,3,0.81,0.15,177,11,Diabetes,0
535,2024-08-04,69,39,95,27,96,15,0.81,0.1,438,10,Antibiotic,0
536,2024-10-08,13,24,86,35,77,14,0.67,0.07,182,8,Cardiology,0
537,2024-07-28,44,2,86,8,31,10,0.07,-0.03,400,5,Vitamins,0
538,2024-01-21,36,48,26,32,25,6,0.52,0.07,185,9,Painkiller,0
539,2024-07-08,27,46,66,51,39,15,0.65,0.17,480,16,Vitamins,1
540,2024-06-06,64,20,5,15,55,9,0.25,0.15,453,16,Vitamins,1
541,2024-03-19,15,15,56,20,66,1,0.13,-0.03,417,2,Antibiotic,0
542,2024-02-16,30,26,114,24,43,12,0.78,0.1,372,20,Antibiotic,0
543,2024-11-11,75,34,23,49,51,1,0.69,-0.05,416,11,Diabetes,0
544,2024-03-06,39,16,193,16,79,5,0.45,0.19,462,12,Vitamins,0
545,2024-12-17,85,29,133,21,78,10,0.67,0.1,106,7,Cardiology,0
546,2024-11-20,78,33,116,42,55,9,0.69,0.09,408,5,Diabetes,1
547,2024-10-03,96,17,94,9,29,9,0.55,-0.04,173,11,Painkiller,0
548,2024-09-21,35,22,90,34,98,4,0.09,0.01,250,2,Vitamins,0
549,2024-11-02,43,34,72,43,44,14,0.62,0.1,468,15,Cardiology,1
550,2024-11-28,56,15,104,45,31,13,0.22,0.14,469,11,Vitamins,1
551,2024-02-12,23,28,29,15,70,2,0.65,0.05,291,5,Antibiotic,0
552,2024-12-28,43,16,131,30,48,1,0.54,0.01,474,11,Cardiology,0
553,2024-09-19,7,14,119,7,26,7,0.18,0.02,287,9,Antibiotic,0
554,2024-10-01,44,27,31,33,20,1,0.74,0.09,485,17,Diabetes,0
555,2024-07-03,78,47,95,59,66,3,0.28,0.11,138,11,Vitamins,0
556,2024-04-04,71,25,7,13,44,12,0.46,0.12,140,12,Painkiller,1
557,2024-02-15,11,20,34,42,75,13,0.71,0.16,351,20,Cardiology,1
558,2024-01-10,43,8,177,5,81,14,0.84,0.18,424,3,Cardiology,0
559,2024-12-18,44,41,58,8,45,11,0.73,0.14,103,4,Antibiotic,0
560,2024-03-28,8,8,91,34,93,4,0.8,0.14,496,12,Diabetes,0
561,2024-10-12,12,33,185,37,80,1,0.31,-0.06,389,3,Vitamins,0
562,2024-07-10,50,25,99,11,35,2,0.12,0.13,313,13,Diabetes,0
563,2024-06-03,76,40,142,12,35,10,0.63,0.13,242,5,Antibiotic,0
564,2024-12-01,94,41,162,14,76,3,0.94,0.2,233,12,Vitamins,0
565,2024-03-07,76,22,21,38,96,11,0.66,-0.01,123,8,Antibiotic,0
566,2024-09-11,47,12,2,8,41,10,0.79,0.16,211,14,Cardiology,1
567,2024-08-02,52,40,40,31,79,14,0.63,0.2,210,9,Painkiller,0
568,2024-07-04,26,8,101,54,86,1,0.54,0.01,350,4,Cardiology,0
569,2024-06-15,79,44,68,13,32,8,0.31,-0.09,415,10,Antibiotic,0
570,2024-03-10,11,5,126,25,34,12,0.41,0.19,329,20,Vitamins,0
571,2024-07-23,72,33,7,60,31,7,0.36,0.1,369,18,Painkiller,1
572,2024-05-15,76,12,148,31,93,1,0.03,0.03,354,10,Cardiology,0
573,2024-05-12,98,12,193,58,75,13,0.71,-0.01,321,2,Painkiller,1
574,2024-04-20,76,32,75,22,38,14,0.61,0.13,239,3,Cardiology,0
575,2024-07-29,23,5,121,24,68,9,0.28,-0.05,100,14,Antibiotic,0
576,2024-01-06,86,33,39,7,38,7,0.12,0.1,488,2,Cardiology,0
577,2024-01-13,71,7,184,47,22,14,0.29,0.13,469,5,Painkiller,1
578,2024-12-27,86,16,42,20,29,14,0.43,0.1,311,17,Cardiology,0
579,2024-09-05,95,10,3,27,36,6,0.12,-0.04,258,8,Painkiller,1
580,2024-10-04,67,31,63,17,46,5,0.21,0.15,165,11,Vitamins,0
581,2024-10-14,6,42,24,28,20,4,0.18,0.01,189,1,Diabetes,0
582,2024-04-26,92,23,138,50,50,3,0.88,0.15,472,12,Diabetes,0
583,2024-02-29,74,36,6,40,56,13,0.95,-0.07,440,19,Painkiller,1
584,2024-04-07,100,34,112,22,22,9,0.79,0.12,220,19,Painkiller,0
585,2024-03-03,73,19,146,7,34,9,0.4,0.05,485,16,Vitamins,0
586,2024-01-01,8,29,184,8,52,3,0.6,0.1,179,19,Painkiller,0
587,2024-04-21,9,33,181,57,67,14,0.79,0.17,102,12,Diabetes,1
588,2024-04-24,2,23,33,43,57,9,0.96,0.19,178,12,Painkiller,1
589,2024-03-31,77,2,111,32,60,8,0.25,0.16,498,19,Vitamins,0
590,2024-04-14,30,27,166,26,40,2,0.49,0.1,467,6,Cardiology,0
591,2024-07-05,9,9,59,16,24,10,0.28,0.06,128,20,Antibiotic,0
592,2024-06-12,40,2,26,26,81,9,0.55,0.04,419,15,Painkiller,0
593,2024-09-16,35,16,13,24,58,3,0.9,-0.01,308,16,Painkiller,1
594,2024-10-28,77,24,188,24,27,7,0.28,0.12,399,5,Diabetes,0
595,2024-06-10,36,8,181,26,41,13,0.86,0.14,165,13,Diabetes,0
596,2024-01-04,50,38,123,13,68,10,0.74,0.07,380,14,Diabetes,0
597,2024-09-07,21,32,16,23,82,4,0.23,0.14,175,15,Diabetes,1
598,2024-05-27,64,10,36,40,79,8,0.28,0.11,491,11,Diabetes,0
599,2024-10-16,87,16,187,9,20,1,0.46,0.15,132,8,Vitamins,0
600,2024-04-29,53,28,69,33,81,8,0.99,-0.08,406,2,Vitamins,0
601,2024-06-22,44,40,197,11,97,12,0.51,-0.07,268,1,Cardiology,0
602,2024-12-14,14,15,128,48,68,8,0.51,0.17,222,14,Cardiology,1
603,2024-11-30,86,41,143,8,62,13,0.74,-0.08,362,18,Cardiology,0
604,2024-09-27,93,10,21,22,91,3,0.94,0.05,274,20,Vitamins,0
605,2024-06-28,29,37,0,22,59,7,0.49,-0.08,204,3,Cardiology,1
606,2024-12-21,18,5,187,59,67,3,0.74,0.05,413,4,Cardiology,0
607,2024-05-17,41,19,175,38,45,10,0.77,0.17,447,8,Vitamins,0
608,2024-06-06,46,47,141,21,71,7,0.5,-0.05,165,20,Antibiotic,0
609,2024-02-22,98,18,40,54,76,12,0.23,0.18,496,18,Antibiotic,1
610,2024-06-15,43,13,77,17,99,2,0.32,0.14,252,5,Vitamins,0
611,2024-11-11,21,34,34,11,39,6,0.19,0.03,420,18,Cardiology,0
612,2024-08-02,80,31,74,20,30,4,0.6,-0.06,397,17,Cardiology,0
613,2024-04-29,19,32,69,38,86,13,0.94,-0.07,459,2,Vitamins,0
614,2024-08-13,43,36,78,34,68,8,0.04,-0.1,218,4,Antibiotic,0
615,2024-01-19,52,42,175,46,37,7,0.9,-0.01,396,17,Cardiology,0
616,2024-09-27,88,8,52,55,74,7,0.29,0.12,438,19,Diabetes,0
617,2024-11-25,88,4,175,59,74,8,0.9,-0.06,492,6,Diabetes,1
618,2024-01-31,56,39,84,47,62,10,0.11,-0.09,279,19,Antibiotic,1
619,2024-11-16,33,45,138,48,100,13,0.64,0.11,271,2,Diabetes,1
620,2024-12-21,38,33,57,27,93,9,0.94,-0.08,383,20,Cardiology,0
621,2024-04-20,67,43,3,8,75,2,0.12,0.1,389,8,Diabetes,1
622,2024-08-07,61,40,196,22,53,10,0.08,0.01,144,18,Painkiller,0
623,2024-01-16,96,3,49,25,63,9,0.82,-0.04,430,6,Vitamins,0
624,2024-03-14,80,39,1,59,74,7,0.83,0.15,333,13,Painkiller,1
625,2024-12-28,27,1,188,28,55,15,0.71,0.17,460,9,Cardiology,0
626,2024-06-09,63,17,5,32,69,11,0.53,0.2,183,6,Diabetes,1
627,2024-05-19,65,14,20,13,91,9,0.08,-0.02,169,6,Antibiotic,0
628,2024-02-03,83,22,149,54,37,9,0.25,0.13,265,13,Painkiller,1
629,2024-10-18,26,42,149,54,100,4,0.53,0.02,282,10,Antibiotic,0
630,2024-10-08,49,27,178,14,26,6,0.65,-0.05,171,2,Vitamins,0
631,2024-08-27,76,6,88,39,100,8,0.02,-0.05,385,9,Vitamins,0
632,2024-08-19,21,17,148,9,91,11,0.98,0.1,412,3,Vitamins,0
633,2024-01-14,30,20,109,6,29,14,0.03,-0.02,326,8,Diabetes,0
634,2024-08-04,50,33,31,21,91,1,0.4,-0.03,382,18,Diabetes,0
635,2024-11-19,95,20,39,24,23,4,0.11,0.09,235,8,Diabetes,0
636,2024-08-19,42,34,93,42,74,5,0.05,0.01,273,4,Antibiotic,0
637,2024-10-09,40,42,185,38,84,8,0.88,-0.04,317,13,Cardiology,0
638,2024-02-28,47,27,122,16,48,12,0.54,0.18,422,1,Vitamins,0
639,2024-01-28,49,36,75,41,22,4,0.2,0.01,310,12,Cardiology,0
640,2024-06-27,30,16,153,31,61,4,0.55,0.04,305,7,Diabetes,0
641,2024-04-06,10,27,199,35,47,6,0.79,-0.0,154,19,Antibiotic,0
642,2024-02-10,12,13,177,52,55,12,0.32,-0.06,108,6,Vitamins,1
643,2024-07-11,96,33,74,25,69,6,0.85,-0.08,371,18,Antibiotic,0
644,2024-02-11,33,21,36,42,36,6,0.21,0.09,245,3,Painkiller,0
645,2024-09-03,79,15,122,48,23,14,0.14,0.13,151,11,Antibiotic,1
646,2024-10-07,60,25,155,38,29,1,0.62,0.13,102,13,Antibiotic,0
647,2024-12-22,12,1,58,32,79,4,0.98,-0.05,411,2,Cardiology,0
648,2024-09-27,82,26,120,45,21,10,0.21,-0.07,337,9,Cardiology,1
649,2024-09-24,24,17,75,32,73,8,0.4,0.04,370,12,Painkiller,0
650,2024-02-22,93,6,181,18,46,9,0.29,0.02,242,10,Cardiology,0
651,2024-05-22,88,32,187,9,78,13,0.52,-0.06,343,5,Cardiology,0
652,2024-10-24,59,24,54,39,35,15,0.18,-0.09,434,7,Cardiology,0
653,2024-07-13,49,13,34,34,75,4,0.91,0.15,204,4,Diabetes,0
654,2024-01-16,55,48,1,14,46,3,0.98,0.14,207,7,Antibiotic,1
655,2024-03-26,51,25,42,18,76,2,0.62,0.01,183,5,Vitamins,0
656,2024-05-13,19,44,95,56,57,4,0.41,-0.05,424,9,Cardiology,0
657,2024-06-10,98,19,86,6,27,1,0.64,0.02,245,17,Painkiller,0
658,2024-03-26,23,15,70,28,51,14,0.62,-0.04,310,9,Vitamins,0
659,2024-09-17,47,30,104,51,34,13,0.11,0.17,480,12,Diabetes,1
660,2024-08-08,96,47,57,24,44,5,0.75,0.01,101,5,Diabetes,0
661,2024-12-10,11,45,78,19,47,8,0.65,-0.01,181,13,Cardiology,0
662,2024-08-11,44,40,53,38,81,4,0.3,0.1,479,20,Antibiotic,0
663,2024-09-27,54,19,143,9,21,4,0.46,-0.08,124,16,Antibiotic,0
664,2024-12-04,61,21,176,31,85,3,0.26,-0.01,429,4,Vitamins,0
665,2024-05-05,83,7,49,30,74,3,0.74,0.03,250,14,Cardiology,0
666,2024-01-11,69,39,168,23,84,3,0.19,0.03,114,5,Cardiology,0
667,2024-06-22,70,7,138,54,23,11,0.92,0.1,289,2,Diabetes,1
668,2024-10-23,43,35,39,56,46,13,0.57,0.01,490,5,Antibiotic,1
669,2024-11-03,25,20,44,33,94,8,0.49,0.1,198,11,Vitamins,0
670,2024-12-17,24,11,35,10,50,14,0.24,0.01,160,8,Vitamins,0
671,2024-03-15,40,37,112,12,42,7,0.03,-0.08,254,2,Antibiotic,0
672,2024-02-13,78,25,187,17,40,11,0.73,-0.0,114,17,Antibiotic,0
673,2024-10-19,63,4,195,9,87,15,0.48,-0.03,105,16,Antibiotic,0
674,2024-10-02,13,37,85,44,85,6,0.45,0.08,334,18,Vitamins,0
675,2024-07-25,73,35,38,47,96,13,0.22,-0.07,423,14,Antibiotic,1
676,2024-07-30,82,10,155,40,30,3,0.01,0.14,328,5,Painkiller,0
677,2024-04-01,36,45,138,56,66,13,0.73,0.15,229,2,Painkiller,1
678,2024-08-14,22,40,177,6,80,5,0.66,-0.03,148,18,Vitamins,0
679,2024-10-03,67,20,5,41,29,7,0.49,-0.0,291,17,Cardiology,1
680,2024-03-10,13,39,200,9,55,15,0.84,0.17,132,20,Diabetes,0
681,2024-08-18,44,32,95,59,78,15,0.71,0.05,289,15,Diabetes,1
682,2024-05-28,26,5,194,55,75,10,0.73,0.0,477,8,Antibiotic,1
683,2024-12-25,97,4,149,16,29,11,0.03,0.12,434,7,Diabetes,0
684,2024-08-12,61,39,46,6,56,11,0.46,0.04,256,7,Painkiller,0
685,2024-07-29,47,13,61,8,64,6,0.17,0.0,436,1,Vitamins,0
686,2024-04-12,16,16,102,47,82,14,0.49,0.09,303,19,Antibiotic,1
687,2024-08-01,46,21,67,53,94,15,0.76,0.18,205,15,Vitamins,1
688,2024-01-18,22,47,120,23,90,15,0.29,-0.02,360,16,Antibiotic,0
689,2024-12-02,45,17,1,33,95,1,0.8,-0.09,333,17,Vitamins,1
690,2024-02-14,99,24,7,56,28,4,0.57,0.14,212,2,Vitamins,1
691,2024-09-04,74,35,136,52,95,4,0.18,-0.07,197,11,Cardiology,0
692,2024-08-02,20,7,135,42,86,14,0.05,0.01,482,16,Antibiotic,1
693,2024-08-25,63,19,184,18,80,6,0.33,0.19,326,13,Antibiotic,0
694,2024-04-10,59,42,118,46,80,14,0.74,0.15,471,13,Cardiology,1
695,2024-01-30,41,18,106,7,51,6,0.1,0.18,449,6,Antibiotic,0
696,2024-02-27,76,6,42,36,29,15,0.2,0.03,113,16,Diabetes,0
697,2024-10-13,82,12,76,15,28,12,0.17,0.15,430,19,Antibiotic,0
698,2024-03-31,46,40,87,40,81,10,0.1,0.07,407,14,Painkiller,0
699,2024-09-03,23,37,34,15,90,1,0.38,0.08,474,9,Cardiology,0
700,2024-04-13,46,23,115,10,53,2,0.42,0.19,486,19,Painkiller,0
701,2024-08-02,9,38,170,19,34,10,0.55,-0.06,431,9,Antibiotic,0
702,2024-11-29,91,13,144,36,64,8,0.36,0.04,401,5,Diabetes,0
703,2024-10-17,60,17,68,59,61,6,0.54,0.05,288,20,Cardiology,0
704,2024-09-06,44,8,61,42,39,14,0.45,-0.0,146,17,Cardiology,1
705,2024-02-02,11,2,135,27,56,14,0.53,-0.04,204,15,Cardiology,0
706,2024-01-25,91,32,141,48,37,7,0.88,-0.08,144,2,Painkiller,0
707,2024-04-11,10,45,104,40,52,10,0.82,0.01,332,1,Antibiotic,0
708,2024-11-12,5,23,192,14,56,6,0.57,-0.08,478,11,Antibiotic,0
709,2024-07-07,70,41,149,6,95,5,0.35,-0.0,185,8,Vitamins,0
710,2024-09-13,6,17,133,42,90,2,0.99,0.11,266,20,Painkiller,0
711,2024-06-23,8,39,187,57,21,2,0.28,0.13,220,9,Antibiotic,0
712,2024-02-17,5,13,158,45,25,12,0.13,0.1,483,8,Antibiotic,1
713,2024-02-27,67,43,73,8,22,13,0.5,-0.03,402,15,Painkiller,0
714,2024-01-02,90,33,194,28,40,13,0.92,0.15,317,4,Vitamins,0
715,2024-01-05,23,10,50,56,69,12,0.28,0.05,439,3,Cardiology,1
716,2024-11-06,96,46,91,18,31,7,0.35,0.09,228,6,Cardiology,0
717,2024-06-11,95,2,4,22,65,9,0.28,0.1,216,13,Vitamins,1
718,2024-11-08,99,5,89,8,81,3,0.65,-0.02,420,13,Antibiotic,0
719,2024-03-24,89,43,105,57,38,6,0.11,0.12,240,8,Cardiology,0
720,2024-12-19,85,34,75,23,31,4,0.5,0.07,108,20,Painkiller,0
721,2024-01-20,53,7,16,46,32,1,0.85,0.1,420,11,Painkiller,1
722,2024-08-17,84,14,140,6,66,13,0.56,-0.01,167,15,Painkiller,0
723,2024-07-30,72,26,45,34,54,13,0.77,0.16,319,12,Painkiller,0
724,2024-11-15,82,34,76,52,98,3,0.66,0.19,300,5,Diabetes,0
725,2024-06-18,67,50,57,10,67,6,0.15,0.16,457,19,Cardiology,0
726,2024-01-24,53,26,149,10,50,5,0.19,-0.1,158,7,Cardiology,0
727,2024-05-30,1,2,138,14,81,7,0.24,0.08,131,10,Cardiology,0
728,2024-08-17,5,28,147,48,43,4,0.02,0.02,446,6,Cardiology,0
729,2024-02-16,13,8,133,15,89,2,0.93,-0.03,299,11,Painkiller,0
730,2024-09-04,15,39,155,7,99,11,0.13,0.1,282,6,Vitamins,0
731,2024-05-01,43,50,86,33,87,1,0.29,0.09,219,1,Antibiotic,0
732,2024-10-16,57,36,57,8,85,6,0.91,0.18,280,20,Diabetes,0
733,2024-11-17,32,14,123,28,53,14,0.87,-0.1,102,8,Diabetes,0
734,2024-11-04,20,42,9,20,83,12,0.13,0.08,118,14,Cardiology,1
735,2024-02-13,30,47,75,43,46,7,0.58,0.04,124,11,Diabetes,0
736,2024-05-17,68,22,62,42,44,1,0.3,0.08,220,18,Antibiotic,0
737,2024-02-25,97,18,21,35,58,4,0.65,0.17,402,9,Cardiology,0
738,2024-10-17,62,8,167,43,42,3,0.52,0.15,101,17,Diabetes,0
739,2024-03-19,39,36,105,43,44,10,0.25,-0.07,266,15,Antibiotic,1
740,2024-12-11,83,11,37,56,92,9,0.39,0.06,477,17,Diabetes,1
741,2024-06-12,46,25,6,10,50,12,0.13,0.05,112,18,Vitamins,1
742,2024-05-30,65,44,194,41,99,5,0.23,-0.08,292,10,Cardiology,0
743,2024-12-26,45,8,43,41,44,8,0.22,0.17,317,8,Antibiotic,1
744,2024-09-08,18,30,168,7,40,13,0.64,-0.09,232,9,Vitamins,0
745,2024-03-03,74,5,162,13,34,9,0.74,-0.09,430,9,Vitamins,0
746,2024-10-22,38,2,44,29,34,8,0.14,-0.09,203,15,Vitamins,0
747,2024-02-25,37,18,74,29,95,6,0.54,-0.07,438,17,Painkiller,0
748,2024-03-26,19,28,120,47,80,5,0.89,-0.08,225,14,Diabetes,0
749,2024-09-24,86,1,16,32,31,9,0.2,-0.01,271,15,Painkiller,1
750,2024-02-19,43,37,86,9,46,14,0.61,0.17,177,15,Diabetes,0
751,2024-06-10,82,11,142,28,95,6,0.74,0.1,448,3,Antibiotic,0
752,2024-05-05,82,12,10,14,94,6,0.22,-0.08,443,20,Painkiller,1
753,2024-08-01,58,34,105,9,64,12,0.55,0.11,480,20,Cardiology,0
754,2024-11-16,79,50,60,50,55,11,0.63,-0.07,452,12,Cardiology,1
755,2024-01-06,3,33,174,27,36,15,0.07,0.07,320,16,Antibiotic,0
756,2024-06-30,30,20,159,6,73,4,0.04,0.02,425,2,Antibiotic,0
757,2024-10-30,45,43,187,14,23,11,0.61,-0.01,230,9,Antibiotic,0
758,2024-04-27,52,13,4,36,29,8,0.71,0.04,129,3,Cardiology,1
759,2024-04-11,86,14,197,41,29,14,0.7,-0.06,290,10,Cardiology,1
760,2024-11-14,34,33,157,23,76,1,0.51,-0.1,451,19,Cardiology,0
761,2024-02-08,40,18,156,50,38,10,0.49,-0.08,345,16,Diabetes,1
762,2024-01-20,59,34,126,32,84,2,0.71,-0.09,477,13,Painkiller,0
763,2024-05-21,1,33,56,51,56,1,0.12,0.14,181,13,Diabetes,0
764,2024-03-25,74,29,121,11,35,10,0.51,0.13,364,14,Antibiotic,0
765,2024-10-10,99,42,180,25,49,3,0.64,0.05,495,7,Painkiller,0
766,2024-05-20,40,43,184,39,28,5,0.7,0.04,445,19,Antibiotic,0
767,2024-06-17,82,44,100,11,54,9,0.16,-0.09,303,13,Cardiology,0
768,2024-11-13,52,12,186,19,58,9,0.24,-0.06,191,18,Vitamins,0
769,2024-03-04,19,50,23,48,44,3,0.5,-0.08,109,19,Antibiotic,0
770,2024-09-13,78,38,8,47,24,5,0.89,0.03,172,20,Antibiotic,1
771,2024-03-23,3,28,50,36,39,12,0.35,0.13,293,17,Vitamins,0
772,2024-11-09,60,10,101,56,26,8,0.14,0.12,113,3,Antibiotic,1
773,2024-04-11,36,13,138,14,85,15,0.13,0.1,116,6,Vitamins,0
774,2024-09-21,91,33,6,41,25,7,0.25,0.04,298,2,Vitamins,1
775,2024-05-22,59,27,170,38,22,12,0.24,0.13,171,10,Painkiller,0
776,2024-11-01,45,35,34,45,43,9,0.71,0.07,371,8,Antibiotic,1
777,2024-02-06,100,34,31,48,47,9,0.38,0.16,332,7,Vitamins,1
778,2024-03-27,6,24,88,21,35,5,0.37,0.17,215,19,Painkiller,0
779,2024-01-18,94,15,35,46,99,2,0.82,0.0,404,19,Painkiller,0
780,2024-06-17,32,24,9,59,20,12,0.82,0.2,243,2,Antibiotic,1
781,2024-01-25,73,20,174,46,22,8,0.09,0.16,430,16,Antibiotic,1
782,2024-02-23,93,48,4,17,46,6,0.38,0.05,423,7,Cardiology,1
783,2024-09-09,90,20,104,27,75,5,0.87,0.01,359,7,Diabetes,0
784,2024-06-12,49,47,104,38,87,2,0.86,0.15,285,8,Painkiller,0
785,2024-01-07,38,48,120,13,63,11,0.86,-0.0,288,5,Diabetes,0
786,2024-07-14,51,22,56,51,62,5,0.46,0.11,220,19,Vitamins,0
787,2024-02-15,77,21,28,24,28,15,0.76,0.19,288,1,Diabetes,0
788,2024-06-15,94,48,179,29,91,5,0.98,0.05,194,4,Diabetes,0
789,2024-09-25,68,37,49,14,50,14,0.45,0.13,144,14,Antibiotic,0
790,2024-11-23,60,42,179,15,98,8,0.86,0.13,379,10,Cardiology,0
791,2024-11-03,86,19,142,19,89,11,0.2,0.14,118,10,Vitamins,0
792,2024-11-04,88,10,76,20,28,2,0.36,-0.06,336,20,Painkiller,0
793,2024-05-16,38,38,43,41,82,6,0.84,0.04,344,20,Diabetes,0
794,2024-07-30,74,24,59,32,68,10,0.52,0.17,445,7,Antibiotic,0
795,2024-04-02,39,38,128,22,52,15,0.47,-0.0,184,14,Diabetes,0
796,2024-09-19,12,18,111,21,62,8,0.67,-0.05,193,8,Cardiology,0
797,2024-06-28,52,2,13,58,41,15,0.14,-0.07,197,6,Vitamins,1
798,2024-08-15,58,36,93,27,66,8,0.18,-0.04,254,4,Antibiotic,0
799,2024-07-22,67,7,72,45,94,6,0.34,0.03,212,19,Vitamins,0
800,2024-06-28,57,28,36,39,82,4,0.38,-0.01,151,16,Vitamins,0
801,2024-09-13,40,6,165,50,56,14,0.46,-0.05,330,4,Cardiology,1
802,2024-08-27,82,18,156,46,67,13,0.43,0.16,392,20,Diabetes,1
803,2024-03-24,67,16,160,39,96,6,0.21,0.08,379,9,Painkiller,0
804,2024-11-19,81,12,163,33,90,8,0.73,0.07,150,14,Diabetes,0
805,2024-10-26,52,25,113,12,28,12,0.16,0.19,482,16,Diabetes,0
806,2024-04-21,10,20,10,45,68,8,0.27,0.19,246,12,Antibiotic,1
807,2024-01-23,91,10,80,7,59,2,0.29,-0.0,171,4,Antibiotic,0
808,2024-07-14,39,16,82,43,48,11,0.88,-0.02,202,5,Vitamins,1
809,2024-08-08,1,14,91,46,52,12,0.36,0.1,218,1,Cardiology,1
810,2024-11-23,15,34,0,27,96,11,0.29,0.16,349,1,Diabetes,1
811,2024-11-06,23,16,21,10,96,6,0.44,0.06,171,11,Vitamins,0
812,2024-08-10,43,24,119,21,56,8,0.4,0.0,473,8,Diabetes,0
813,2024-10-20,41,2,104,31,56,8,0.32,-0.02,233,5,Cardiology,0
814,2024-12-11,33,2,71,30,43,4,0.33,0.02,166,15,Painkiller,0
815,2024-11-06,65,11,139,14,21,10,0.26,-0.01,239,11,Vitamins,0
816,2024-07-04,3,3,43,13,45,11,0.07,0.07,494,13,Diabetes,0
817,2024-03-02,8,48,30,47,22,7,0.17,0.04,383,11,Cardiology,0
818,2024-08-18,28,43,35,22,69,1,0.56,0.19,219,16,Vitamins,0
819,2024-01-27,17,9,187,16,41,15,0.08,-0.01,269,7,Antibiotic,0
820,2024-12-11,68,25,94,57,64,9,0.94,0.02,113,3,Diabetes,1
821,2024-08-09,43,38,189,46,86,8,0.64,-0.06,307,14,Vitamins,1
822,2024-10-03,92,49,104,7,71,5,0.72,-0.01,310,8,Cardiology,0
823,2024-02-05,72,41,187,33,32,2,0.98,0.09,128,3,Painkiller,0
824,2024-11-09,5,11,162,16,95,13,0.09,0.17,343,17,Vitamins,0
825,2024-12-13,51,48,169,38,20,11,0.91,-0.1,309,20,Vitamins,0
826,2024-01-11,56,40,21,51,76,11,0.23,0.05,160,14,Antibiotic,1
827,2024-01-27,6,10,46,54,82,5,0.95,0.15,360,7,Vitamins,0
828,2024-06-06,2,11,159,51,26,12,0.81,-0.07,453,18,Cardiology,1
829,2024-08-02,39,26,6,59,98,5,0.71,-0.08,406,3,Painkiller,1
830,2024-04-13,60,11,182,42,96,6,0.2,-0.05,403,6,Cardiology,0
831,2024-06-21,19,43,145,19,45,10,0.37,0.0,358,5,Vitamins,0
832,2024-03-16,62,17,147,45,24,4,0.54,0.09,336,11,Painkiller,0
833,2024-09-09,75,10,89,44,90,9,0.29,-0.02,447,1,Vitamins,1
834,2024-05-08,24,15,55,52,68,9,0.84,-0.03,377,19,Painkiller,1
835,2024-11-14,39,21,73,47,58,7,0.92,-0.02,282,16,Vitamins,0
836,2024-01-26,45,25,116,44,58,14,0.28,0.09,226,7,Diabetes,1
837,2024-02-29,95,10,91,52,60,15,0.8,-0.1,266,16,Antibiotic,1
838,2024-09-01,80,37,80,8,94,11,0.24,0.1,127,1,Painkiller,0
839,2024-09-24,86,3,76,20,82,13,0.57,0.01,325,4,Vitamins,0
840,2024-09-20,92,34,108,51,45,1,0.56,0.19,489,17,Antibiotic,0
841,2024-03-31,98,27,112,14,51,15,0.55,0.13,438,11,Painkiller,0
842,2024-01-17,9,3,96,30,27,11,0.85,-0.04,397,13,Painkiller,0
843,2024-12-16,46,24,47,20,54,12,0.27,-0.03,141,17,Antibiotic,0
844,2024-06-03,15,9,166,28,98,11,0.57,0.04,236,13,Vitamins,0
845,2024-02-23,59,10,145,21,31,15,0.95,0.09,387,11,Antibiotic,0
846,2024-07-14,72,7,123,37,41,5,0.9,0.14,311,11,Painkiller,0
847,2024-02-26,91,39,149,36,98,3,0.9,-0.04,370,5,Vitamins,0
848,2024-12-02,39,14,103,5,30,7,0.39,0.01,264,1,Cardiology,0
849,2024-11-26,74,30,19,23,78,6,0.7,0.03,140,12,Diabetes,1
850,2024-11-24,25,45,83,11,86,11,0.49,-0.08,376,20,Painkiller,0
851,2024-01-28,87,11,84,28,91,1,0.64,0.01,149,2,Painkiller,0
852,2024-01-01,18,2,198,6,86,15,0.85,-0.09,285,17,Diabetes,0
853,2024-10-03,75,2,81,33,65,1,0.87,0.13,227,2,Vitamins,0
854,2024-06-19,28,44,83,22,21,9,0.49,-0.05,445,9,Antibiotic,0
855,2024-01-08,88,19,5,34,25,1,0.41,0.07,431,6,Diabetes,1
856,2024-02-08,9,29,16,60,20,3,0.47,0.18,384,18,Cardiology,1
857,2024-11-07,15,30,179,36,38,14,0.44,-0.03,126,18,Antibiotic,0
858,2024-12-01,39,40,51,29,61,10,0.56,0.08,177,16,Cardiology,0
859,2024-03-15,22,33,89,17,83,1,0.04,-0.05,187,7,Antibiotic,0
860,2024-03-04,96,43,170,46,84,4,0.06,0.06,385,20,Painkiller,0
861,2024-02-01,30,2,168,47,82,1,0.25,-0.04,225,6,Cardiology,0
862,2024-06-15,92,28,190,49,79,8,0.74,-0.06,196,12,Antibiotic,1
863,2024-07-04,58,23,182,43,43,2,0.94,-0.05,305,14,Cardiology,0
864,2024-09-21,49,21,19,34,81,8,0.25,0.04,293,17,Antibiotic,1
865,2024-05-15,3,37,61,18,80,12,0.98,0.13,328,3,Antibiotic,0
866,2024-08-24,19,21,186,53,43,9,0.14,-0.02,206,4,Cardiology,1
867,2024-09-19,76,9,54,51,59,15,0.53,0.07,113,16,Diabetes,1
868,2024-04-24,53,21,122,40,57,3,0.06,-0.05,364,3,Diabetes,0
869,2024-05-15,65,25,21,20,94,2,0.45,-0.1,235,18,Vitamins,0
870,2024-06-24,77,5,59,28,84,13,0.41,0.19,268,9,Painkiller,0
871,2024-07-19,3,50,175,32,69,5,0.75,0.07,115,1,Painkiller,0
872,2024-07-16,25,23,34,35,85,11,0.16,0.03,225,2,Painkiller,0
873,2024-10-06,93,46,179,17,60,13,0.41,-0.07,204,3,Vitamins,0
874,2024-09-30,24,9,169,16,60,4,0.73,0.01,480,7,Painkiller,0
875,2024-05-04,69,1,11,60,24,1,0.66,0.05,312,12,Antibiotic,1
876,2024-11-09,22,20,66,11,96,7,0.48,0.02,432,12,Diabetes,0
877,2024-11-12,54,15,173,40,54,5,0.39,0.18,380,2,Vitamins,0
878,2024-05-05,46,10,13,13,91,12,0.28,0.13,365,7,Vitamins,1
879,2024-02-16,48,13,194,24,63,15,1.0,-0.07,199,16,Diabetes,0
880,2024-01-12,95,21,62,11,42,1,0.71,0.2,115,7,Diabetes,0
881,2024-06-20,2,49,66,16,93,10,0.88,0.09,127,9,Antibiotic,0
882,2024-02-05,90,1,173,36,34,2,0.92,0.2,451,9,Vitamins,0
883,2024-09-24,18,43,66,30,84,10,0.76,0.07,113,14,Diabetes,0
884,2024-01-23,40,13,173,46,36,4,0.88,-0.05,172,19,Cardiology,0
885,2024-05-17,44,28,195,39,72,7,0.44,-0.09,170,3,Cardiology,0
886,2024-02-13,6,11,162,35,83,2,0.63,0.11,345,4,Painkiller,0
887,2024-03-27,74,42,0,29,56,3,0.57,0.19,204,11,Antibiotic,1
888,2024-12-08,9,40,95,54,52,6,0.78,-0.07,424,15,Painkiller,0
889,2024-08-28,84,32,87,5,99,15,0.9,-0.03,393,8,Cardiology,0
890,2024-03-27,49,39,121,56,67,8,0.47,-0.03,468,8,Painkiller,1
891,2024-01-11,75,48,80,34,22,1,0.76,-0.09,365,13,Cardiology,0
892,2024-04-23,56,12,166,12,90,13,0.87,-0.08,194,19,Vitamins,0
893,2024-08-14,19,20,142,6,40,10,0.52,0.12,110,11,Antibiotic,0
894,2024-05-23,76,41,12,11,20,5,0.16,0.02,193,1,Vitamins,1
895,2024-03-24,47,17,64,16,49,7,0.02,0.13,144,19,Painkiller,0
896,2024-10-02,71,14,103,55,52,1,0.71,0.07,343,16,Vitamins,0
897,2024-09-17,69,11,86,44,42,12,0.24,0.2,132,13,Vitamins,1
898,2024-02-07,38,40,194,58,20,9,0.21,0.03,322,7,Cardiology,1
899,2024-01-09,13,49,131,12,62,14,0.24,0.0,291,7,Painkiller,0
900,2024-10-05,48,37,174,20,30,6,0.6,-0.07,117,15,Vitamins,0
901,2024-07-22,33,4,136,46,65,10,0.2,0.19,325,8,Vitamins,1
902,2024-01-22,71,18,105,29,28,8,0.7,0.05,288,13,Diabetes,0
903,2024-04-14,19,23,50,59,89,13,0.78,-0.03,359,13,Painkiller,1
904,2024-03-21,15,7,164,36,22,11,0.96,0.13,386,13,Painkiller,0
905,2024-03-27,27,44,91,57,51,2,0.61,0.09,145,14,Cardiology,0
906,2024-02-16,23,44,61,36,27,15,0.42,0.02,404,17,Diabetes,0
907,2024-05-02,84,49,11,45,80,14,0.61,0.09,109,10,Antibiotic,1
908,2024-12-28,61,8,12,32,45,12,0.56,-0.01,198,18,Vitamins,1
909,2024-07-03,30,37,13,12,20,6,0.62,0.16,212,13,Diabetes,1
910,2024-02-16,68,3,10,56,26,11,0.23,-0.07,225,7,Vitamins,1
911,2024-12-18,64,35,130,34,100,1,0.6,0.01,121,2,Painkiller,0
912,2024-03-05,43,10,190,60,36,2,0.03,-0.08,484,18,Antibiotic,0
913,2024-07-23,87,49,98,54,24,6,0.41,0.01,284,11,Antibiotic,0
914,2024-10-19,25,25,13,38,68,3,0.71,0.12,448,16,Diabetes,1
915,2024-02-29,90,43,34,37,53,8,0.87,-0.1,132,14,Painkiller,0
916,2024-11-09,82,24,62,48,28,14,0.92,0.02,105,4,Cardiology,1
917,2024-12-17,57,19,6,58,51,4,0.01,0.01,128,9,Diabetes,1
918,2024-02-20,51,48,51,57,54,9,0.24,0.01,383,18,Antibiotic,1
919,2024-07-25,61,10,9,31,88,5,0.47,0.18,357,12,Painkiller,1
920,2024-02-12,6,20,126,43,58,4,0.17,-0.0,256,11,Cardiology,0
921,2024-01-05,66,44,61,22,43,2,0.76,0.08,105,10,Antibiotic,0
922,2024-05-26,38,9,61,33,23,7,0.38,0.04,152,12,Vitamins,0
923,2024-06-09,27,31,106,7,97,4,0.32,0.02,123,2,Cardiology,0
924,2024-09-17,31,46,140,40,78,8,0.56,-0.01,383,2,Cardiology,0
925,2024-07-31,54,20,71,25,36,7,0.66,0.09,393,16,Vitamins,0
926,2024-02-28,10,7,5,5,55,15,0.88,-0.07,126,2,Diabetes,1
927,2024-02-10,49,25,53,16,41,12,0.01,0.12,175,1,Painkiller,0
928,2024-12-26,34,11,197,49,22,10,0.12,0.19,175,16,Antibiotic,1
929,2024-03-17,27,4,26,12,48,11,0.15,0.08,157,18,Cardiology,0
930,2024-12-26,60,18,200,8,50,14,0.16,0.08,436,14,Diabetes,0
931,2024-04-30,15,43,42,42,70,8,0.4,0.14,182,4,Vitamins,1
932,2024-01-18,1,16,46,55,38,12,0.58,-0.06,103,8,Antibiotic,1
933,2024-10-21,60,24,74,49,30,8,0.4,0.16,104,15,Vitamins,1
934,2024-05-08,27,43,147,50,74,4,0.97,-0.08,285,18,Antibiotic,0
935,2024-09-03,52,17,78,50,47,5,0.17,-0.06,312,18,Vitamins,0
936,2024-02-21,57,25,130,35,68,8,0.73,-0.01,238,6,Antibiotic,0
937,2024-12-18,42,35,12,9,77,9,0.85,0.18,234,2,Cardiology,1
938,2024-08-16,37,15,2,29,95,6,0.33,0.02,416,4,Antibiotic,1
939,2024-02-17,24,8,191,51,71,12,0.56,-0.03,215,15,Painkiller,1
940,2024-09-05,43,48,104,57,69,10,0.42,0.18,216,20,Cardiology,1
941,2024-06-08,58,46,195,24,49,9,0.1,0.04,194,10,Vitamins,0
942,2024-08-25,95,32,122,8,56,13,0.46,0.15,424,9,Cardiology,0
943,2024-03-06,23,15,18,57,29,6,0.14,0.07,256,5,Diabetes,1
944,2024-08-28,65,14,1,16,40,15,0.57,0.06,123,8,Vitamins,1
945,2024-03-22,25,46,24,27,68,3,0.49,0.11,181,4,Vitamins,0
946,2024-10-16,75,50,91,59,59,2,0.38,-0.0,120,1,Antibiotic,0
947,2024-08-07,29,20,125,42,85,12,0.99,0.2,374,19,Diabetes,1
948,2024-05-30,63,37,15,56,41,9,0.42,-0.0,488,9,Diabetes,1
949,2024-10-22,56,24,61,32,51,12,0.61,0.02,381,3,Cardiology,0
950,2024-10-26,77,36,146,42,74,3,0.99,-0.02,495,15,Cardiology,0
951,2024-09-26,25,45,72,48,40,6,0.71,0.19,150,3,Diabetes,0
952,2024-03-04,45,17,50,12,84,11,0.22,0.02,494,11,Vitamins,0
953,2024-09-25,68,15,71,42,37,4,0.38,0.09,167,15,Painkiller,0
954,2024-03-01,89,18,19,42,91,9,0.93,-0.08,448,1,Antibiotic,1
955,2024-06-18,22,28,79,15,53,5,0.84,-0.06,161,5,Antibiotic,0
956,2024-07-14,32,5,81,11,35,7,0.33,0.02,274,6,Painkiller,0
957,2024-05-04,78,11,1,18,69,5,0.02,-0.08,227,8,Cardiology,1
958,2024-11-08,7,34,70,39,95,5,0.53,-0.01,290,8,Vitamins,0
959,2024-06-04,51,7,198,27,98,7,0.93,0.1,306,15,Vitamins,0
960,2024-04-08,22,31,41,28,59,15,0.43,0.03,305,3,Diabetes,0
961,2024-09-28,39,2,185,28,91,10,0.95,0.02,212,7,Vitamins,0
962,2024-06-03,66,35,146,22,70,7,0.07,0.04,445,15,Vitamins,0
963,2024-11-29,76,4,119,37,24,1,0.96,0.15,165,6,Diabetes,0
964,2024-02-22,83,19,102,42,80,13,0.73,0.06,462,20,Painkiller,1
965,2024-03-09,84,6,89,10,52,10,0.45,0.12,407,7,Diabetes,0
966,2024-01-28,60,22,157,18,86,5,0.16,-0.04,475,9,Painkiller,0
967,2024-02-24,51,23,118,57,86,6,0.31,-0.02,260,2,Diabetes,0
968,2024-09-29,27,7,25,5,25,6,0.38,0.09,412,19,Vitamins,0
969,2024-03-15,76,30,91,49,49,13,0.45,-0.08,274,4,Vitamins,1
970,2024-05-19,45,8,192,31,24,12,0.6,-0.07,315,12,Painkiller,0
971,2024-08-24,93,19,173,15,86,8,0.94,0.08,184,5,Diabetes,0
972,2024-11-20,72,31,16,21,95,12,0.12,0.1,237,17,Painkiller,1
973,2024-04-04,89,18,188,6,40,9,0.92,0.02,483,12,Painkiller,0
974,2024-07-22,82,33,156,54,43,15,0.23,0.01,444,5,Cardiology,1
975,2024-01-27,85,13,28,35,80,14,0.28,0.03,293,15,Antibiotic,0
976,2024-11-03,37,5,92,48,61,11,0.03,-0.07,233,5,Cardiology,1
977,2024-05-20,10,38,141,36,34,1,0.36,-0.08,205,15,Antibiotic,0
978,2024-02-29,96,5,36,49,81,5,0.72,0.07,463,11,Antibiotic,0
979,2024-07-10,36,33,135,52,40,11,0.63,0.07,107,4,Vitamins,1
980,2024-11-16,19,15,116,10,85,10,0.12,0.19,447,18,Painkiller,0
981,2024-04-18,81,20,113,21,39,4,0.81,0.18,497,5,Diabetes,0
982,2024-12-21,73,40,38,54,60,15,0.61,0.19,210,9,Painkiller,1
983,2024-06-22,7,1,7,10,20,10,0.5,0.08,415,1,Cardiology,1
984,2024-05-02,42,13,125,28,64,5,0.78,0.18,131,12,Painkiller,0
985,2024-05-15,12,22,20,40,78,13,0.11,0.14,279,18,Vitamins,0
986,2024-08-08,45,32,60,17,61,15,0.14,0.03,119,13,Diabetes,0
987,2024-11-02,83,4,192,20,85,14,0.26,0.19,332,14,Vitamins,0
988,2024-06-07,99,5,65,16,26,5,0.2,0.09,123,5,Antibiotic,0
989,2024-03-10,38,22,161,29,51,11,0.43,0.1,158,4,Antibiotic,0
990,2024-06-20,12,46,5,34,21,1,0.61,0.12,219,9,Diabetes,1
991,2024-01-05,52,9,69,47,37,14,0.95,-0.06,403,16,Vitamins,1
992,2024-10-01,77,26,154,32,50,1,0.84,-0.1,360,7,Vitamins,0
993,2024-02-07,16,23,21,7,99,4,0.38,-0.05,363,18,Diabetes,0
994,2024-10-24,50,38,150,59,26,14,0.2,-0.06,235,11,Antibiotic,1
995,2024-02-17,95,29,154,18,23,1,0.08,-0.0,478,6,Painkiller,0
996,2024-08-15,69,18,134,32,28,5,0.73,-0.03,340,18,Painkiller,0
997,2024-12-28,88,31,140,36,99,3,0.97,0.13,459,17,Diabetes,0
998,2024-06-15,60,16,85,30,54,15,0.15,0.06,162,14,Painkiller,0
999,2024-03-12,19,39,120,55,88,12,0.08,-0.1,399,14,Cardiology,1
1000,2024-03-11,27,10,146,49,25,5,0.19,-0.1,330,13,Antibiotic,0
